{
  "beverage": {
    "precision": 0.75,
    "recall": 0.75,
    "f1-score": 0.75,
    "support": 4,
    "confused_with": {}
  },
  "second_person_plural": {
    "precision": 0.8148148148148148,
    "recall": 1.0,
    "f1-score": 0.8979591836734693,
    "support": 22,
    "confused_with": {}
  },
  "bug": {
    "precision": 1.0,
    "recall": 0.8823529411764706,
    "f1-score": 0.9375,
    "support": 17,
    "confused_with": {}
  },
  "micro avg": {
    "precision": 0.8695652173913043,
    "recall": 0.9302325581395349,
    "f1-score": 0.898876404494382,
    "support": 43
  },
  "macro avg": {
    "precision": 0.8549382716049383,
    "recall": 0.8774509803921569,
    "f1-score": 0.8618197278911565,
    "support": 43
  },
  "weighted avg": {
    "precision": 0.8819982773471146,
    "recall": 0.9302325581395349,
    "f1-score": 0.899827954437589,
    "support": 43
  }
}